epoch,step,train_loss
7,49,3.558420419692993
14,99,3.5220401287078857
