epoch,step,train_loss
7,49,3.603466033935547
14,99,3.4866530895233154
